{"cameraMode":{"drawMode":0,"name":"Shaded","section":"Shading Mode"},"sceneLighting":true,"audioPlay":false,"sceneViewState":{"showFog":true,"showMaterialUpdate":false,"showSkybox":true,"showFlares":true,"showImageEffects":true,"showParticleSystems":true},"in2DMode":false,"pivot":{"x":-3.0507125854492189,"y":-3.1335086822509767,"z":42.66106414794922},"rotation":{"x":0.19605112075805665,"y":-0.32527750730514529,"z":0.06912881880998612,"w":0.9224856495857239},"size":67.66930389404297,"orthographic":false}